{
  "as_of_quarter": "2025-01-01",
  "posterior_T": {
    "low": 1.0,
    "high": 2.044467378851159e-16
  },
  "log_likelihood": -2182.2220058658368
}