{
  "pi": [
    1.0,
    1.5501913521060424e-32
  ],
  "A": [
    [
      0.8549131554442775,
      0.14508684455572263
    ],
    [
      0.8636887086102765,
      0.13631129138972348
    ]
  ],
  "lambdas": [
    3.0988351959958966,
    44.44270953012272
  ],
  "mus": [
    8.832461385259935,
    9.495369062084539
  ],
  "sigmas": [
    1.4723869564930918,
    0.8344412248405275
  ],
  "loglik_history": [
    -2726.9553744724494,
    -2205.742658257327,
    -2184.5698523856195,
    -2182.4392324614746,
    -2182.227484141114,
    -2182.222117374741,
    -2182.222008072612,
    -2182.2220058658368
  ]
}